{
	"credit": "Made with Blockbench",
	"texture_size": [128, 128],
	"textures": {
		"0": "item/custom/martillo",
		"particle": "item/custom/martillo"
	},
	"elements": [
		{
			"name": "hammer_handle",
			"from": [8, -3.75, 6],
			"to": [8, 0.25, 10],
			"rotation": {"angle": 0, "axis": "x", "origin": [0, 2, 34]},
			"faces": {
				"north": {"uv": [8.5, 6.5, 8.5, 7], "texture": "#0"},
				"east": {"uv": [8, 6.5, 8.5, 7], "texture": "#0"},
				"south": {"uv": [9, 6.5, 9, 7], "texture": "#0"},
				"west": {"uv": [8.5, 6.5, 9, 7], "texture": "#0"},
				"up": {"uv": [8.5, 6.5, 8.5, 6], "texture": "#0"},
				"down": {"uv": [8.5, 6, 8.5, 6.5], "texture": "#0"}
			}
		},
		{
			"name": "hammer_handle",
			"from": [6.501, 0.251, 5.901],
			"to": [9.499, 4.249, 10.999],
			"rotation": {"angle": 0, "axis": "x", "origin": [0, 2, 34]},
			"faces": {
				"north": {"uv": [11.5, 0.625, 11.875, 1.125], "texture": "#0"},
				"east": {"uv": [10.875, 0.625, 11.5, 1.125], "texture": "#0"},
				"south": {"uv": [12.5, 0.625, 12.875, 1.125], "texture": "#0"},
				"west": {"uv": [11.875, 0.625, 12.5, 1.125], "texture": "#0"},
				"up": {"uv": [11.875, 0.625, 11.5, 0], "texture": "#0"},
				"down": {"uv": [12.25, 0, 11.875, 0.625], "texture": "#0"}
			}
		},
		{
			"name": "hammer_handle",
			"from": [6.5, -1.75, 10],
			"to": [9.5, 3.25, 14],
			"rotation": {"angle": 0, "axis": "x", "origin": [0, 2, 34]},
			"faces": {
				"north": {"uv": [11.5, 4.75, 11.875, 5.375], "texture": "#0"},
				"east": {"uv": [11, 4.75, 11.5, 5.375], "texture": "#0"},
				"south": {"uv": [12.375, 4.75, 12.75, 5.375], "texture": "#0"},
				"west": {"uv": [11.875, 4.75, 12.375, 5.375], "texture": "#0"},
				"up": {"uv": [11.875, 4.75, 11.5, 4.25], "texture": "#0"},
				"down": {"uv": [12.25, 4.25, 11.875, 4.75], "texture": "#0"}
			}
		},
		{
			"name": "hammer_handle",
			"from": [7, -0.75, 14],
			"to": [9, 1.25, 32],
			"rotation": {"angle": 0, "axis": "x", "origin": [0, 2, 34]},
			"faces": {
				"north": {"uv": [2.625, 6, 2.875, 6.25], "texture": "#0"},
				"east": {"uv": [0.375, 6, 2.625, 6.25], "texture": "#0"},
				"south": {"uv": [5.125, 6, 5.375, 6.25], "texture": "#0"},
				"west": {"uv": [2.875, 6, 5.125, 6.25], "texture": "#0"},
				"up": {"uv": [2.875, 6, 2.625, 3.75], "texture": "#0"},
				"down": {"uv": [3.125, 3.75, 2.875, 6], "texture": "#0"}
			}
		},
		{
			"name": "hammer_middle",
			"from": [1.999, 7.251, -6.001],
			"to": [14.001, 7.253, 6.001],
			"rotation": {"angle": 0, "axis": "x", "origin": [0, 2, 34]},
			"faces": {
				"north": {"uv": [6.125, 4.875, 7.625, 4.875], "texture": "#0"},
				"east": {"uv": [4.625, 4.875, 6.125, 4.875], "texture": "#0"},
				"south": {"uv": [9.125, 4.875, 10.625, 4.875], "texture": "#0"},
				"west": {"uv": [7.625, 4.875, 9.125, 4.875], "texture": "#0"},
				"up": {"uv": [7.625, 4.875, 6.125, 3.375], "texture": "#0"},
				"down": {"uv": [9.125, 3.375, 7.625, 4.875], "texture": "#0"}
			}
		},
		{
			"name": "hammer_middle",
			"from": [1.999, -5.753, -6.001],
			"to": [14.001, -5.751, 6.001],
			"rotation": {"angle": 0, "axis": "x", "origin": [0, 2, 34]},
			"faces": {
				"north": {"uv": [3.125, 4.875, 4.625, 4.875], "texture": "#0"},
				"east": {"uv": [1.625, 4.875, 3.125, 4.875], "texture": "#0"},
				"south": {"uv": [6.125, 4.875, 7.625, 4.875], "texture": "#0"},
				"west": {"uv": [4.625, 4.875, 6.125, 4.875], "texture": "#0"},
				"up": {"uv": [4.625, 4.875, 3.125, 3.375], "texture": "#0"},
				"down": {"uv": [6.125, 3.375, 4.625, 4.875], "texture": "#0"}
			}
		},
		{
			"name": "hammer_middle",
			"from": [1.999, -5.751, -6.101],
			"to": [14.001, 7.251, -5.999],
			"rotation": {"angle": 0, "axis": "x", "origin": [0, 2, 34]},
			"faces": {
				"north": {"uv": [10, 7.5, 11.5, 9.125], "texture": "#0"},
				"east": {"uv": [10, 7.5, 10, 9.125], "texture": "#0"},
				"south": {"uv": [11.5, 7.5, 13, 9.125], "texture": "#0"},
				"west": {"uv": [11.5, 7.5, 11.5, 9.125], "texture": "#0"},
				"up": {"uv": [11.5, 7.5, 10, 7.5], "texture": "#0"},
				"down": {"uv": [13, 7.5, 11.5, 7.5], "texture": "#0"}
			}
		},
		{
			"name": "hammer_middle",
			"from": [13.999, -5.751, -6.001],
			"to": [14.001, 7.251, 6.001],
			"rotation": {"angle": 0, "axis": "x", "origin": [0, 2, 34]},
			"faces": {
				"north": {"uv": [4.5, 7.75, 4.5, 9.375], "texture": "#0"},
				"east": {"uv": [3, 7.75, 4.5, 9.375], "texture": "#0"},
				"south": {"uv": [6, 7.75, 6, 9.375], "texture": "#0"},
				"west": {"uv": [4.5, 7.75, 6, 9.375], "texture": "#0"},
				"up": {"uv": [4.5, 7.75, 4.5, 6.25], "texture": "#0"},
				"down": {"uv": [4.5, 6.25, 4.5, 7.75], "texture": "#0"}
			}
		},
		{
			"name": "hammer_middle",
			"from": [1.999, -5.751, 5.999],
			"to": [14.001, 7.251, 6.001],
			"rotation": {"angle": 0, "axis": "x", "origin": [0, 2, 34]},
			"faces": {
				"north": {"uv": [2.5, 9.375, 4, 11], "texture": "#0"},
				"east": {"uv": [2.5, 9.375, 2.5, 11], "texture": "#0"},
				"south": {"uv": [4, 9.375, 5.5, 11], "texture": "#0"},
				"west": {"uv": [4, 9.375, 4, 11], "texture": "#0"},
				"up": {"uv": [4, 9.375, 2.5, 9.375], "texture": "#0"},
				"down": {"uv": [5.5, 9.375, 4, 9.375], "texture": "#0"}
			}
		},
		{
			"name": "hammer_middle",
			"from": [1.999, -5.751, -6.001],
			"to": [2.001, 7.251, 6.001],
			"rotation": {"angle": 0, "axis": "x", "origin": [0, 2, 34]},
			"faces": {
				"north": {"uv": [1.5, 6.25, 1.5, 7.875], "texture": "#0"},
				"east": {"uv": [0, 6.25, 1.5, 7.875], "texture": "#0"},
				"south": {"uv": [3, 6.25, 3, 7.875], "texture": "#0"},
				"west": {"uv": [1.5, 6.25, 3, 7.875], "texture": "#0"},
				"up": {"uv": [1.5, 6.25, 1.5, 4.75], "texture": "#0"},
				"down": {"uv": [1.5, 4.75, 1.5, 6.25], "texture": "#0"}
			}
		},
		{
			"name": "hammer_middle",
			"from": [8, -7.75, -16],
			"to": [8.1, 4.25, -6],
			"rotation": {"angle": 0, "axis": "x", "origin": [0, 2, 34]},
			"faces": {
				"north": {"uv": [8.125, 13.25, 8.875, 14.75], "texture": "#0"},
				"east": {"uv": [6.125, 7.75, 7.375, 9.25], "texture": "#0"},
				"south": {"uv": [8.625, 7.75, 8.625, 9.25], "texture": "#0"},
				"west": {"uv": [7.375, 7.75, 8.625, 9.25], "texture": "#0"},
				"up": {"uv": [6, 15.375, 7.375, 14.125], "texture": "#0"},
				"down": {"uv": [9.25, 12.625, 11.625, 13.875], "texture": "#0"}
			}
		},
		{
			"name": "hammer_middle",
			"from": [5.24394, 7.96095, -1.4],
			"to": [6.24394, 7.96095, -0.4],
			"rotation": {"angle": -45, "axis": "z", "origin": [0, 2, 34]},
			"faces": {
				"north": {"uv": [12, 1.375, 12.125, 1.375], "texture": "#0"},
				"east": {"uv": [11.875, 1.375, 12, 1.375], "texture": "#0"},
				"south": {"uv": [12.25, 1.375, 12.375, 1.375], "texture": "#0"},
				"west": {"uv": [12.125, 1.375, 12.25, 1.375], "texture": "#0"},
				"up": {"uv": [12.125, 1.375, 12, 1.25], "texture": "#0"},
				"down": {"uv": [12.25, 1.25, 12.125, 1.375], "texture": "#0"}
			}
		},
		{
			"name": "hammer_middle",
			"from": [4.74394, 8.03595, -1.25],
			"to": [6.74394, 8.03595, 0.75],
			"rotation": {"angle": -45, "axis": "z", "origin": [0, 2, 34]},
			"faces": {
				"north": {"uv": [11.875, 2, 12.125, 2], "texture": "#0"},
				"east": {"uv": [11.625, 2, 11.875, 2], "texture": "#0"},
				"south": {"uv": [12.375, 2, 12.625, 2], "texture": "#0"},
				"west": {"uv": [12.125, 2, 12.375, 2], "texture": "#0"},
				"up": {"uv": [12.125, 2, 11.875, 1.75], "texture": "#0"},
				"down": {"uv": [12.375, 1.75, 12.125, 2], "texture": "#0"}
			}
		},
		{
			"name": "hammer_middle",
			"from": [3, -5.75, 5],
			"to": [13, 7.25, 5],
			"rotation": {"angle": 0, "axis": "x", "origin": [0, 2, 34]},
			"faces": {
				"north": {"uv": [8.5, 10.375, 9.75, 12], "texture": "#0"},
				"east": {"uv": [8.5, 10.375, 8.5, 12], "texture": "#0"},
				"south": {"uv": [9.75, 10.375, 11, 12], "texture": "#0"},
				"west": {"uv": [9.75, 10.375, 9.75, 12], "texture": "#0"},
				"up": {"uv": [9.75, 10.375, 8.5, 10.375], "texture": "#0"},
				"down": {"uv": [11, 10.375, 9.75, 10.375], "texture": "#0"}
			}
		},
		{
			"name": "hammer_middle",
			"from": [13, -5.75, -5],
			"to": [13, 7.25, 5],
			"rotation": {"angle": 0, "axis": "x", "origin": [0, 2, 34]},
			"faces": {
				"north": {"uv": [1.25, 7.875, 1.25, 9.5], "texture": "#0"},
				"east": {"uv": [0, 7.875, 1.25, 9.5], "texture": "#0"},
				"south": {"uv": [2.5, 7.875, 2.5, 9.5], "texture": "#0"},
				"west": {"uv": [1.25, 7.875, 2.5, 9.5], "texture": "#0"},
				"up": {"uv": [1.25, 7.875, 1.25, 6.625], "texture": "#0"},
				"down": {"uv": [1.25, 6.625, 1.25, 7.875], "texture": "#0"}
			}
		},
		{
			"name": "hammer_middle",
			"from": [3, -5.75, -5],
			"to": [3, 7.25, 5],
			"rotation": {"angle": 0, "axis": "x", "origin": [0, 2, 34]},
			"faces": {
				"north": {"uv": [1.25, 3.375, 1.25, 5], "texture": "#0"},
				"east": {"uv": [0, 3.375, 1.25, 5], "texture": "#0"},
				"south": {"uv": [2.5, 3.375, 2.5, 5], "texture": "#0"},
				"west": {"uv": [1.25, 3.375, 2.5, 5], "texture": "#0"},
				"up": {"uv": [1.25, 3.375, 1.25, 2.125], "texture": "#0"},
				"down": {"uv": [1.25, 2.125, 1.25, 3.375], "texture": "#0"}
			}
		},
		{
			"name": "hammer_middle",
			"from": [3, -5.75, -5],
			"to": [13, 7.25, -5],
			"rotation": {"angle": 0, "axis": "x", "origin": [0, 2, 34]},
			"faces": {
				"north": {"uv": [0, 9.5, 1.25, 11.125], "texture": "#0"},
				"east": {"uv": [0, 9.5, 0, 11.125], "texture": "#0"},
				"south": {"uv": [1.25, 9.5, 2.5, 11.125], "texture": "#0"},
				"west": {"uv": [1.25, 9.5, 1.25, 11.125], "texture": "#0"},
				"up": {"uv": [1.25, 9.5, 0, 9.5], "texture": "#0"},
				"down": {"uv": [2.5, 9.5, 1.25, 9.5], "texture": "#0"}
			}
		},
		{
			"name": "hammer_middle",
			"from": [3, -5.75, -5],
			"to": [13, -5.75, 5],
			"rotation": {"angle": 0, "axis": "x", "origin": [0, 2, 34]},
			"faces": {
				"north": {"uv": [7.125, 1.25, 8.375, 1.25], "texture": "#0"},
				"east": {"uv": [5.875, 1.25, 7.125, 1.25], "texture": "#0"},
				"south": {"uv": [9.625, 1.25, 10.875, 1.25], "texture": "#0"},
				"west": {"uv": [8.375, 1.25, 9.625, 1.25], "texture": "#0"},
				"up": {"uv": [8.375, 1.25, 7.125, 0], "texture": "#0"},
				"down": {"uv": [9.625, 0, 8.375, 1.25], "texture": "#0"}
			}
		},
		{
			"name": "hammer_middle",
			"from": [3, 7.25, -5],
			"to": [13, 7.25, 5],
			"rotation": {"angle": 0, "axis": "x", "origin": [0, 2, 34]},
			"faces": {
				"north": {"uv": [5.75, 6.125, 7, 6.125], "texture": "#0"},
				"east": {"uv": [4.5, 6.125, 5.75, 6.125], "texture": "#0"},
				"south": {"uv": [8.25, 6.125, 9.5, 6.125], "texture": "#0"},
				"west": {"uv": [7, 6.125, 8.25, 6.125], "texture": "#0"},
				"up": {"uv": [7, 6.125, 5.75, 4.875], "texture": "#0"},
				"down": {"uv": [8.25, 4.875, 7, 6.125], "texture": "#0"}
			}
		},
		{
			"name": "hammer_middle",
			"from": [9.5, 19.09709, 9.63515],
			"to": [10.5, 27.09709, 10.63515],
			"rotation": {"angle": -45, "axis": "x", "origin": [0, 2, 34]},
			"faces": {
				"north": {"uv": [2.625, 8, 2.75, 9], "texture": "#0"},
				"east": {"uv": [2.5, 8, 2.625, 9], "texture": "#0"},
				"south": {"uv": [2.875, 8, 3, 9], "texture": "#0"},
				"west": {"uv": [2.75, 8, 2.875, 9], "texture": "#0"},
				"up": {"uv": [2.75, 8, 2.625, 7.875], "texture": "#0"},
				"down": {"uv": [2.875, 7.875, 2.75, 8], "texture": "#0"}
			}
		},
		{
			"name": "hammer_middle",
			"from": [8.5, 22.15775, 7.57449],
			"to": [11.5, 28.15775, 10.57449],
			"rotation": {"angle": -45, "axis": "x", "origin": [0, 2, 34]},
			"faces": {
				"north": {"uv": [7.5, 1.625, 7.875, 2.375], "texture": "#0"},
				"east": {"uv": [7.125, 1.625, 7.5, 2.375], "texture": "#0"},
				"south": {"uv": [8.25, 1.625, 8.625, 2.375], "texture": "#0"},
				"west": {"uv": [7.875, 1.625, 8.25, 2.375], "texture": "#0"},
				"up": {"uv": [7.875, 1.625, 7.5, 1.25], "texture": "#0"},
				"down": {"uv": [8.25, 1.25, 7.875, 1.625], "texture": "#0"}
			}
		},
		{
			"name": "hammer_front",
			"from": [4, 7.15, -4],
			"to": [12, 10.25, 4],
			"rotation": {"angle": 0, "axis": "x", "origin": [0, 2, 34]},
			"faces": {
				"north": {"uv": [9, 6.125, 10, 6.5], "texture": "#0"},
				"east": {"uv": [8, 6.125, 9, 6.5], "texture": "#0"},
				"south": {"uv": [11, 6.125, 12, 6.5], "texture": "#0"},
				"west": {"uv": [10, 6.125, 11, 6.5], "texture": "#0"},
				"up": {"uv": [10, 6.125, 9, 5.125], "texture": "#0"},
				"down": {"uv": [11, 5.125, 10, 6.125], "texture": "#0"}
			}
		},
		{
			"name": "hammer_front",
			"from": [-1.5, 10.25, -9.25],
			"to": [17.5, 18.25, 9.75],
			"rotation": {"angle": 0, "axis": "x", "origin": [0, 2, 34]},
			"faces": {
				"north": {"uv": [2.375, 2.375, 4.75, 3.375], "texture": "#0"},
				"east": {"uv": [0, 2.375, 2.375, 3.375], "texture": "#0"},
				"south": {"uv": [7.125, 2.375, 9.5, 3.375], "texture": "#0"},
				"west": {"uv": [4.75, 2.375, 7.125, 3.375], "texture": "#0"},
				"up": {"uv": [4.75, 2.375, 2.375, 0], "texture": "#0"},
				"down": {"uv": [7.125, 0, 4.75, 2.375], "texture": "#0"}
			}
		},
		{
			"name": "hammer_front",
			"from": [17.5, 10.25, -11.25],
			"to": [17.6, 18.25, -9.25],
			"rotation": {"angle": 0, "axis": "x", "origin": [0, 2, 34]},
			"faces": {
				"north": {"uv": [2.125, 5, 2.25, 6], "texture": "#0"},
				"east": {"uv": [2, 5, 2.25, 6], "texture": "#0"},
				"south": {"uv": [2.5, 5, 2.375, 6], "texture": "#0"},
				"west": {"uv": [2.25, 5, 2.5, 6], "texture": "#0"},
				"up": {"uv": [2.25, 5, 2.125, 4.75], "texture": "#0"},
				"down": {"uv": [2.125, 4.75, 2.25, 5], "texture": "#0"}
			}
		},
		{
			"name": "hammer_front",
			"from": [12.5, 10.25, -11.25],
			"to": [17.5, 10.35, -9.25],
			"rotation": {"angle": 0, "axis": "x", "origin": [0, 2, 34]},
			"faces": {
				"north": {"uv": [0.25, 6, 0.875, 6], "texture": "#0"},
				"east": {"uv": [0, 6, 0.25, 6], "texture": "#0"},
				"south": {"uv": [1.125, 6, 1.75, 6], "texture": "#0"},
				"west": {"uv": [11.875, 13.625, 10.25, 13.125], "texture": "#0"},
				"up": {"uv": [0.875, 6, 0.25, 5.75], "texture": "#0"},
				"down": {"uv": [1.5, 5.75, 0.875, 6], "texture": "#0"}
			}
		},
		{
			"name": "hammer_front",
			"from": [12.5, 18.15, -11.25],
			"to": [17.5, 18.25, -9.25],
			"rotation": {"angle": 0, "axis": "x", "origin": [0, 2, 34]},
			"faces": {
				"north": {"uv": [0.25, 2.375, 0.875, 2.375], "texture": "#0"},
				"east": {"uv": [0, 2.375, 0.25, 2.375], "texture": "#0"},
				"south": {"uv": [1.125, 2.375, 1.75, 2.375], "texture": "#0"},
				"west": {"uv": [10.25, 13, 11.625, 13.375], "texture": "#0"},
				"up": {"uv": [0.875, 2.375, 0.25, 2.125], "texture": "#0"},
				"down": {"uv": [1.5, 2.125, 0.875, 2.375], "texture": "#0"}
			}
		},
		{
			"name": "hammer_front",
			"from": [2.5, 10.25, -11.35],
			"to": [17.5, 18.25, -11.15],
			"rotation": {"angle": 0, "axis": "x", "origin": [0, 2, 34]},
			"faces": {
				"north": {"uv": [9.125, 6.5, 11, 7.5], "texture": "#0"},
				"east": {"uv": [9.125, 6.5, 9.25, 7.5], "texture": "#0"},
				"south": {"uv": [11, 6.5, 12.875, 7.5], "texture": "#0"},
				"west": {"uv": [11, 6.5, 11, 7.5], "texture": "#0"},
				"up": {"uv": [8.25, 14.25, 6.375, 13.625], "texture": "#0"},
				"down": {"uv": [13.125, 13.375, 11.25, 15.125], "texture": "#0"}
			}
		},
		{
			"name": "nail",
			"from": [4.5, 14.25, -13.25],
			"to": [6.5, 16.25, -8.25],
			"rotation": {"angle": 0, "axis": "x", "origin": [0, 7, 39]},
			"faces": {
				"north": {"uv": [11.625, 9.75, 11.875, 10], "texture": "#0"},
				"east": {"uv": [11, 9.75, 11.625, 10], "texture": "#0"},
				"south": {"uv": [12.5, 9.75, 12.75, 10], "texture": "#0"},
				"west": {"uv": [11.875, 9.75, 12.5, 10], "texture": "#0"},
				"up": {"uv": [11.875, 9.75, 11.625, 9.125], "texture": "#0"},
				"down": {"uv": [12.125, 9.125, 11.875, 9.75], "texture": "#0"}
			}
		},
		{
			"name": "nail",
			"from": [3, 12.75, -14.25],
			"to": [8, 17.75, -13.25],
			"rotation": {"angle": 0, "axis": "x", "origin": [0, 7, 39]},
			"faces": {
				"north": {"uv": [3.125, 7.125, 3.75, 7.75], "texture": "#0"},
				"east": {"uv": [3, 7.125, 3.125, 7.75], "texture": "#0"},
				"south": {"uv": [3.875, 7.125, 4.5, 7.75], "texture": "#0"},
				"west": {"uv": [3.75, 7.125, 3.875, 7.75], "texture": "#0"},
				"up": {"uv": [3.75, 7.125, 3.125, 7], "texture": "#0"},
				"down": {"uv": [4.375, 7, 3.75, 7.125], "texture": "#0"}
			}
		},
		{
			"name": "hammer_back",
			"from": [5, -8.75, -3],
			"to": [11, -5.65, 3],
			"rotation": {"angle": 0, "axis": "x", "origin": [0, 2, 34]},
			"faces": {
				"north": {"uv": [6.25, 10.375, 7, 10.75], "texture": "#0"},
				"east": {"uv": [5.5, 10.375, 6.25, 10.75], "texture": "#0"},
				"south": {"uv": [7.75, 10.375, 8.5, 10.75], "texture": "#0"},
				"west": {"uv": [7, 10.375, 7.75, 10.75], "texture": "#0"},
				"up": {"uv": [7, 10.375, 6.25, 9.625], "texture": "#0"},
				"down": {"uv": [7.75, 9.625, 7, 10.375], "texture": "#0"}
			}
		},
		{
			"name": "hammer_back",
			"from": [3.5, -12.75, -4.5],
			"to": [12.5, -8.75, 4.5],
			"rotation": {"angle": 0, "axis": "x", "origin": [0, 2, 34]},
			"faces": {
				"north": {"uv": [5.75, 7.25, 6.875, 7.75], "texture": "#0"},
				"east": {"uv": [4.625, 7.25, 5.75, 7.75], "texture": "#0"},
				"south": {"uv": [8, 7.25, 9.125, 7.75], "texture": "#0"},
				"west": {"uv": [6.875, 7.25, 8, 7.75], "texture": "#0"},
				"up": {"uv": [6.875, 7.25, 5.75, 6.125], "texture": "#0"},
				"down": {"uv": [8, 6.125, 6.875, 7.25], "texture": "#0"}
			}
		}
	],
	"display": {
		"thirdperson_righthand": {
			"rotation": [100.84, -5.23, -175.78],
			"translation": [2.5, 23, -1]
		},
		"thirdperson_lefthand": {
			"rotation": [100.84, -5.23, -175.78],
			"translation": [2.5, 23, -1]
		},
		"firstperson_righthand": {
			"rotation": [47.25, 0, -177.5],
			"translation": [0.75, 6, 0],
			"scale": [0.3, 0.3, 0.3]
		},
		"firstperson_lefthand": {
			"rotation": [47.25, 0, -177.5],
			"translation": [0.75, 6, 0],
			"scale": [0.3, 0.3, 0.3]
		},
		"ground": {
			"translation": [0, 8, 0],
			"scale": [0.5, 0.5, 0.5]
		},
		"gui": {
			"rotation": [90.13, -51.24, -89.49],
			"translation": [1.25, -1, 0],
			"scale": [0.3, 0.3, 0.3]
		},
		"head": {
			"rotation": [90.45, 0.01, 178.75],
			"translation": [0, 12.5, -7]
		},
		"fixed": {
			"rotation": [104.74, 45.57, -97.08],
			"translation": [0, 0.75, -1],
			"scale": [0.3, 0.3, 0.3]
		}
	},
	"groups": [
		{
			"name": "tinkaton",
			"origin": [0, 0, 0],
			"color": 0,
			"children": [
				{
					"name": "body_hammer",
					"origin": [0, 7, 0],
					"color": 1,
					"children": [
						{
							"name": "torso_hammer",
							"origin": [0, 4, 0],
							"color": 2,
							"children": [
								{
									"name": "arm_hammer_right",
									"origin": [1.5, 6.5, 0],
									"color": 3,
									"children": [
										{
											"name": "hand_hammer_right",
											"origin": [4.5, 6.5, 1.5],
											"color": 4,
											"children": [
												{
													"name": "hammer",
													"origin": [8, 5.125, -0.5],
													"color": 5,
													"children": [
														{
															"name": "hammer_handle",
															"origin": [8, 5.375, -15.75],
															"color": 6,
															"children": [
																0,
																1,
																2,
																3,
																{
																	"name": "hammer_middle",
																	"origin": [8.8, 5.25, -29],
																	"color": 7,
																	"children": [
																		4,
																		5,
																		6,
																		7,
																		8,
																		9,
																		10,
																		11,
																		12,
																		13,
																		14,
																		15,
																		16,
																		17,
																		18,
																		19,
																		20,
																		{
																			"name": "hammer_front",
																			"origin": [7.4, 12.3, -28.5],
																			"color": 8,
																			"children": [
																				21,
																				22,
																				23,
																				24,
																				25,
																				26,
																				{
																					"name": "nail",
																					"origin": [5.5, 20.25, -38.25],
																					"rotation": [-10, 0, 0],
																					"color": 9,
																					"children": [27, 28]
																				}
																			]
																		},
																		{
																			"name": "hammer_back",
																			"origin": [8, -1, -29],
																			"color": 0,
																			"children": [29, 30]
																		}
																	]
																}
															]
														}
													]
												}
											]
										}
									]
								}
							]
						}
					]
				},
				{
					"name": "body",
					"origin": [0, 7, 0],
					"color": 1,
					"children": [
						{
							"name": "torso",
							"origin": [0, 4, 0],
							"color": 2,
							"children": [
								{
									"name": "skirt_front_right",
									"origin": [1.75, 3, -1.25],
									"rotation": [-30, -45, 0],
									"color": 3,
									"children": []
								},
								{
									"name": "skirt_front_left",
									"origin": [-1.75, 3, -1.25],
									"rotation": [-30, 45, 0],
									"color": 4,
									"children": []
								},
								{
									"name": "skirt_back_left",
									"origin": [-1.75, 3, 1.25],
									"rotation": [30, -45, 0],
									"color": 5,
									"children": []
								},
								{
									"name": "skirt_back_right",
									"origin": [1.75, 3, 1.25],
									"rotation": [30, 45, 0],
									"color": 6,
									"children": []
								},
								{
									"name": "head",
									"origin": [0, 7.75, 0],
									"color": 7,
									"children": [
										{
											"name": "ear_left",
											"origin": [0, 14.75, 0],
											"rotation": [0, 0, 10],
											"color": 8,
											"children": []
										},
										{
											"name": "ear_left2",
											"origin": [-3, 14.75, 0],
											"rotation": [0, 0, 20],
											"color": 9,
											"children": []
										},
										{
											"name": "ear_right",
											"origin": [0, 14.75, 0],
											"rotation": [0, 0, -10],
											"color": 0,
											"children": []
										},
										{
											"name": "ear_right2",
											"origin": [3, 14.75, 0],
											"color": 1,
											"children": []
										},
										{
											"name": "eye_left",
											"origin": [-2.5, 11.25, -3.025],
											"color": 2,
											"children": [
												{
													"name": "eyelid_left",
													"origin": [-2.5, 11.25, -2.925],
													"color": 3,
													"children": []
												}
											]
										},
										{
											"name": "eye_right",
											"origin": [2.5, 11.25, -3.025],
											"color": 4,
											"children": [
												{
													"name": "eyelid_right",
													"origin": [2.5, 11.25, -2.925],
													"color": 5,
													"children": []
												}
											]
										},
										{
											"name": "mouths",
											"origin": [0, 9.25, -3.525],
											"color": 6,
											"children": [
												{
													"name": "mouth_open",
													"origin": [0, 9.25, -3.61],
													"color": 7,
													"children": []
												},
												{
													"name": "mouth_closed",
													"origin": [0, 9.25, -3.41],
													"color": 8,
													"children": []
												}
											]
										},
										{
											"name": "hair_right",
											"origin": [3.5, 13.75, 0],
											"color": 9,
											"children": [
												{
													"name": "hair_right2",
													"origin": [3, 9.5, 0],
													"color": 0,
													"children": [
														{
															"name": "hair_right3",
															"origin": [5.5, 0.75, 0],
															"color": 1,
															"children": []
														}
													]
												}
											]
										},
										{
											"name": "hair_left",
											"origin": [-3.5, 14.25, 0],
											"color": 2,
											"children": [
												{
													"name": "hair_left2",
													"origin": [-3, 10, 0],
													"color": 3,
													"children": [
														{
															"name": "hair_left3",
															"origin": [-5.5, 1.25, 0],
															"color": 4,
															"children": []
														}
													]
												}
											]
										}
									]
								},
								{
									"name": "arm_left",
									"origin": [-1.5, 6.5, 0],
									"color": 5,
									"children": [
										{
											"name": "hand_left",
											"origin": [-4.5, 6.5, 1.5],
											"color": 6,
											"children": [
												{
													"name": "finger_left",
													"origin": [-8.25, 7, -1.5],
													"rotation": [0, -17.5, 0],
													"color": 7,
													"children": []
												},
												{
													"name": "finger_left2",
													"origin": [-8.5, 7, -0.5],
													"rotation": [0, -5, 0],
													"color": 8,
													"children": []
												},
												{
													"name": "finger_left3",
													"origin": [-8.5, 7, 0.5],
													"rotation": [0, 5, 0],
													"color": 9,
													"children": []
												},
												{
													"name": "finger_left4",
													"origin": [-8.25, 7, 1.5],
													"rotation": [0, 17.5, 0],
													"color": 0,
													"children": []
												},
												{
													"name": "thumb_left",
													"origin": [-5, 5.5, -0.5],
													"rotation": [0, 0, 42.5],
													"color": 1,
													"children": []
												}
											]
										}
									]
								},
								{
									"name": "arm_right",
									"origin": [1.5, 6.5, 0],
									"color": 2,
									"children": [
										{
											"name": "hand_right",
											"origin": [4.5, 6.5, 1.5],
											"color": 3,
											"children": [
												{
													"name": "finger_right",
													"origin": [8.25, 7, -1.5],
													"rotation": [0, 17.5, 0],
													"color": 4,
													"children": []
												},
												{
													"name": "finger_right2",
													"origin": [8.5, 7, -0.5],
													"rotation": [0, 5, 0],
													"color": 5,
													"children": []
												},
												{
													"name": "finger_right3",
													"origin": [8.5, 7, 0.5],
													"rotation": [0, -5, 0],
													"color": 6,
													"children": []
												},
												{
													"name": "finger_right4",
													"origin": [8.25, 7, 1.5],
													"rotation": [0, -17.5, 0],
													"color": 7,
													"children": []
												},
												{
													"name": "thumb_right",
													"origin": [5, 5.5, -0.5],
													"rotation": [0, 0, -42.5],
													"color": 8,
													"children": []
												}
											]
										}
									]
								}
							]
						},
						{
							"name": "leg_right",
							"origin": [1.25, 4, 0],
							"color": 9,
							"children": [
								{
									"name": "leg_right2",
									"origin": [1.25, 2, -1],
									"color": 0,
									"children": []
								}
							]
						},
						{
							"name": "leg_left",
							"origin": [-1.25, 4, 0],
							"color": 1,
							"children": [
								{
									"name": "leg_left2",
									"origin": [-1.25, 2, -1],
									"color": 2,
									"children": []
								}
							]
						}
					]
				}
			]
		}
	]
}